Model,Accuracy,Precision,Recall,F1 Score
Random Forest,1.0,1.0,1.0,1.0
Logistic Regression,0.6666666666666666,0.5,1.0,0.6666666666666666
SVM,0.3333333333333333,0.3333333333333333,1.0,0.5
XGBoost,0.3333333333333333,0.3333333333333333,1.0,0.5
